{
  "vocabulary": {
    "medico": 47,
    "alcohol": 1,
    "supermercado": 68,
    "clinica": 13,
    "urgencia": 80,
    "clinica urgencia": 14,
    "taxi": 73,
    "tonteras": 75,
    "uber": 76,
    "delivery": 30,
    "uber delivery": 79,
    "restaurante": 64,
    "barbero": 6,
    "internet": 39,
    "movil": 52,
    "internet movil": 40,
    "suscripcion": 69,
    "spotify": 67,
    "suscripcion spotify": 71,
    "mercaderia": 48,
    "helado": 37,
    "bebidacafe": 8,
    "helado bebidacafe": 38,
    "cocacola": 17,
    "metropago": 49,
    "tag": 72,
    "metropago tag": 50,
    "gastos": 34,
    "comunes": 22,
    "gastos comunes": 35,
    "cine": 11,
    "snacksvideojuego": 66,
    "cine snacksvideojuego": 12,
    "bar": 4,
    "disney": 32,
    "suscripcion disney": 70,
    "pago": 54,
    "de": 26,
    "luz": 42,
    "pago de": 55,
    "de luz": 29,
    "pago de luz": 58,
    "mantencion": 43,
    "motocicleta": 51,
    "mantencion motocicleta": 45,
    "copete": 25,
    "casa": 10,
    "mantencion casa": 44,
    "barberia": 5,
    "peajes": 63,
    "coca": 15,
    "cola": 18,
    "coca cola": 16,
    "medicamentos": 46,
    "snack": 65,
    "teatro": 74,
    "comida": 21,
    "uber comida": 78,
    "panorama": 59,
    "almuerzo": 2,
    "uber almuerzo": 77,
    "combustible": 19,
    "diesel": 31,
    "combustible diesel": 20,
    "laboratorio": 41,
    "gas": 33,
    "de gas": 28,
    "pago de gas": 57,
    "viveres": 81,
    "bencina": 9,
    "agua": 0,
    "de agua": 27,
    "pago de agua": 56,
    "pasaje": 61,
    "avion": 3,
    "pasaje avion": 62,
    "concierto": 23,
    "musica": 53,
    "concierto musica": 24,
    "bebida": 7,
    "general": 36,
    "panorama general": 60
  },
  "idf": [
    5.07753744390572,
    3.372789351667294,
    5.07753744390572,
    5.07753744390572,
    4.384390263345774,
    4.384390263345774,
    5.07753744390572,
    5.07753744390572,
    4.161246712031565,
    5.07753744390572,
    5.07753744390572,
    4.384390263345774,
    4.384390263345774,
    4.161246712031565,
    4.161246712031565,
    4.672072335797555,
    4.672072335797555,
    4.672072335797555,
    4.672072335797555,
    5.07753744390572,
    5.07753744390572,
    4.384390263345774,
    3.9789251552376097,
    5.07753744390572,
    5.07753744390572,
    4.384390263345774,
    4.161246712031565,
    5.07753744390572,
    4.672072335797555,
    5.07753744390572,
    3.468099531471619,
    5.07753744390572,
    4.672072335797555,
    4.672072335797555,
    3.9789251552376097,
    3.9789251552376097,
    5.07753744390572,
    4.161246712031565,
    4.161246712031565,
    4.384390263345774,
    4.384390263345774,
    5.07753744390572,
    5.07753744390572,
    4.384390263345774,
    5.07753744390572,
    4.672072335797555,
    4.384390263345774,
    5.07753744390572,
    3.5734600471294455,
    4.384390263345774,
    4.384390263345774,
    4.672072335797555,
    4.384390263345774,
    5.07753744390572,
    4.161246712031565,
    4.161246712031565,
    5.07753744390572,
    4.672072335797555,
    5.07753744390572,
    4.384390263345774,
    5.07753744390572,
    5.07753744390572,
    5.07753744390572,
    5.07753744390572,
    3.372789351667294,
    5.07753744390572,
    4.384390263345774,
    4.384390263345774,
    4.161246712031565,
    3.9789251552376097,
    4.672072335797555,
    4.384390263345774,
    4.161246712031565,
    4.384390263345774,
    5.07753744390572,
    4.384390263345774,
    3.2857779746776643,
    5.07753744390572,
    4.384390263345774,
    3.691243082785829,
    4.161246712031565,
    5.07753744390572
  ],
  "max_features": 82
}